Название светильника,цена,web ссылка
Подвесной светильник Сансет Black,2990,https://www.divan.ru/kemerovo/product/podvesnoj-svetilnik-sanset-black
Настольная лампа Машрум Gold,2990,https://www.divan.ru/kemerovo/product/nastolnaya-lampa-mashrum-gold
Торшер Билли Black,13990,https://www.divan.ru/kemerovo/product/torsher-billi-black
Подвесной светильник Бабл-9,15990,https://www.divan.ru/kemerovo/product/podvesnoj-svetilnik-babl-9
Торшер Бабл-1,5990,https://www.divan.ru/kemerovo/product/torsher-babl-1
Подвесной светильник Бабл-3,5990,https://www.divan.ru/kemerovo/product/podvesnoj-svetilnik-babl-3
Бра Бабл Black,1790,https://www.divan.ru/kemerovo/product/bra-babl-black
Настольная лампа Дэнди Black,4590,https://www.divan.ru/kemerovo/product/nastolnaya-lampa-dendi-black
Настольная лампа Дэнди White,3990,https://www.divan.ru/kemerovo/product/nastolnaya-lampa-dendi-white
Торшер Варио White,5990,https://www.divan.ru/kemerovo/product/torsher-vario-white
Бра Варио Black,790,https://www.divan.ru/kemerovo/product/bra-vario-black
Бра Варио White,790,https://www.divan.ru/kemerovo/product/bra-vario-white
Подвесной светильник Сансет White,2990,https://www.divan.ru/kemerovo/product/podvesnoj-svetilnik-sanset-white
Подвесной светильник Кэндел Black,2590,https://www.divan.ru/kemerovo/product/podvesnoj-svetilnik-kendel-black
Подвесной светильник Кэндел White,1990,https://www.divan.ru/kemerovo/product/podvesnoj-svetilnik-kendel-white
Торшер Вена Beige,8590,https://www.divan.ru/kemerovo/product/torsher-vena-beige
Настольная лампа Сфера Orange,4590,https://www.divan.ru/kemerovo/product/nastolnaya-lampa-sfera-orange
Торшер Осло Black,14990,https://www.divan.ru/kemerovo/product/torsher-oslo-black
Подвесной светильник Кая Black,2490,https://www.divan.ru/kemerovo/product/podvesnoj-svetilnik-kaya-black
Торшер Вена Black,9990,https://www.divan.ru/kemerovo/product/torsher-vena-black
Подвесной светильник Кая White,2490,https://www.divan.ru/kemerovo/product/podvesnoj-svetilnik-kaya-white
Торшер Осло White,14990,https://www.divan.ru/kemerovo/product/torsher-oslo-white
Настольная лампа Сканди White,4490,https://www.divan.ru/kemerovo/product/nastolnaya-lampa-skandi-white
Настольная лампа Гровер Glass,3990,https://www.divan.ru/kemerovo/product/nastolnaya-lampa-grover-glass
Настольная лампа Сфера Black,3990,https://www.divan.ru/kemerovo/product/nastolnaya-lampa-sfera-black
Настольная лампа Машрум Grey,2990,https://www.divan.ru/kemerovo/product/nastolnaya-lampa-mashrum-grey
Настольная лампа Спайк Green,990,https://www.divan.ru/kemerovo/product/nastolnaya-lampa-spajk-green
Торшер Клауд White,13990,https://www.divan.ru/kemerovo/product/torsher-klaud-white
Настольная лампа Клауд White,8990,https://www.divan.ru/kemerovo/product/nastolnaya-lampa-klaud-white
Настольная лампа Рэй Black,2990,https://www.divan.ru/kemerovo/product/nastolnaya-lampa-rej-black
Торшер Рэй White,4590,https://www.divan.ru/kemerovo/product/torsher-rej-white
Торшер Рэй Black,4590,https://www.divan.ru/kemerovo/product/torsher-rej-black
Настольная лампа Спайк Orange,990,https://www.divan.ru/kemerovo/product/nastolnaya-lampa-spajk-orange
Подвесной светильник Портланд Black,3190,https://www.divan.ru/kemerovo/product/podvesnoj-svetilnik-portland-black
Настольная лампа Гросс White,2990,https://www.divan.ru/kemerovo/product/nastolnaya-lampa-gross-white
Торшер Мун Black,4990,https://www.divan.ru/kemerovo/product/torsher-mun-black
Торшер Билли White,13990,https://www.divan.ru/kemerovo/product/torsher-billi-white
Торшер Варио Black,5990,https://www.divan.ru/kemerovo/product/torsher-vario-black
Настольная лампа Раффи Round,5790,https://www.divan.ru/kemerovo/product/nastolnaya-lampa-raffi-round
Торшер Гросс White,4990,https://www.divan.ru/kemerovo/product/torsher-gross-white
Торшер Раффи Round,8890,https://www.divan.ru/kemerovo/product/torsher-raffi-round
Бра Moderli Alina,3390,https://www.divan.ru/kemerovo/product/bra-moderli-alina
Подвесной светильник Маро Green,11690,https://www.divan.ru/kemerovo/product/podvesnoj-svetilnik-maro-green
Настольная лампа Рэй White,2990,https://www.divan.ru/kemerovo/product/nastolnaya-lampa-rej-white
Бра Tarbes-2,3290,https://www.divan.ru/kemerovo/product/bra-tarbes-2
Светильник потолочный Matthew,4990,https://www.divan.ru/kemerovo/product/svetilnik-potolochnyj-matthew
Настольная лампа Junior-4,2990,https://www.divan.ru/kemerovo/product/nastolnaya-lampa-junior-4
Торшер Шани Black,11390,https://www.divan.ru/kemerovo/product/torsher-shani-black
